"DESCRIPTION","DURATION IN MS","NAME","PARENT SUITE","START TIME","STATUS","STOP TIME","SUB SUITE","SUITE","TEST CLASS","TEST METHOD"
"","31","Policy is accepted Liability","","Mon Sep 08 10:58:35 GMT 2025","passed","Mon Sep 08 10:58:35 GMT 2025","","org.eclipse.tractusx.edc.tests.policy.PolicyDefinitionEndToEndTest","org.eclipse.tractusx.edc.tests.policy.PolicyDefinitionEndToEndTest","shouldNotAcceptInvalidNamespacePolicyDefinitions"
"","61","Policy is accepted Data Usage End Date Definition","","Mon Sep 08 10:58:33 GMT 2025","passed","Mon Sep 08 10:58:33 GMT 2025","","org.eclipse.tractusx.edc.tests.policy.PolicyDefinitionEndToEndTest","org.eclipse.tractusx.edc.tests.policy.PolicyDefinitionEndToEndTest","shouldAcceptValidPolicyDefinitions"
"","175","Expect the Catalog request to fail if a credential is expired","","Mon Sep 08 10:59:23 GMT 2025","passed","Mon Sep 08 10:59:23 GMT 2025","","org.eclipse.tractusx.edc.tests.transfer.DimConsumerPullTest","org.eclipse.tractusx.edc.tests.transfer.DimConsumerPullTest","catalogRequest_whenCredentialExpired"
"","4014","transferData_success_withProxyOriginalResponse_withoutSourceResponseBody()","","Mon Sep 08 10:59:42 GMT 2025","passed","Mon Sep 08 10:59:46 GMT 2025","","org.eclipse.tractusx.edc.tests.transfer.TransferPullEndToEndTest.Dsp2025to2025","org.eclipse.tractusx.edc.tests.transfer.TransferPullEndToEndTest$Dsp2025to2025","transferData_success_withProxyOriginalResponse_withoutSourceResponseBody"
"","1290","Refresh token success","","Mon Sep 08 10:57:44 GMT 2025","passed","Mon Sep 08 10:57:46 GMT 2025","","org.eclipse.tractusx.edc.dataplane.tokenrefresh.e2e.DataPlaneTokenRefreshEndToEndTest","org.eclipse.tractusx.edc.dataplane.tokenrefresh.e2e.DataPlaneTokenRefreshEndToEndTest","refresh_success"
"","12458","azureBlobPush_withoutDestFolder()","","Mon Sep 08 10:58:39 GMT 2025","passed","Mon Sep 08 10:58:52 GMT 2025","","org.eclipse.tractusx.edc.tests.transfer.AzureToAzureEndToEndTest","org.eclipse.tractusx.edc.tests.transfer.AzureToAzureEndToEndTest","azureBlobPush_withoutDestFolder"
"","55","Policy is accepted Warranty","","Mon Sep 08 10:58:35 GMT 2025","passed","Mon Sep 08 10:58:35 GMT 2025","","org.eclipse.tractusx.edc.tests.policy.PolicyDefinitionEndToEndTest","org.eclipse.tractusx.edc.tests.policy.PolicyDefinitionEndToEndTest","shouldNotAcceptInvalidNamespacePolicyDefinitions"
"","167","4.3.3 Verify invalid access token - jti","","Mon Sep 08 10:56:58 GMT 2025","passed","Mon Sep 08 10:56:58 GMT 2025","","org.eclipse.dataspacetck.dcp.verification.presentation.verifier.PresentationFlowSection4Test","org.eclipse.dataspacetck.dcp.verification.presentation.verifier.PresentationFlowSection4Test","verifier_04_03_03_idTokenJtiUsedTwice"
"","2040","transferFile_s3ToAzure(Vault)","","Mon Sep 08 10:57:56 GMT 2025","passed","Mon Sep 08 10:57:58 GMT 2025","","org.eclipse.tractusx.edc.dataplane.transfer.test.MultiCloudTest","org.eclipse.tractusx.edc.dataplane.transfer.test.MultiCloudTest","transferFile_s3ToAzure"
"","56","4.3.3 Verify invalid access token - auth token bound to a different iss/sub","","Mon Sep 08 10:56:58 GMT 2025","passed","Mon Sep 08 10:56:58 GMT 2025","","org.eclipse.dataspacetck.dcp.verification.presentation.verifier.PresentationFlowSection4Test","org.eclipse.dataspacetck.dcp.verification.presentation.verifier.PresentationFlowSection4Test","verifier_04_03_03_idTokenInvalidIssuerSub"
"","52","Policy is accepted Jurisdiction Location","","Mon Sep 08 10:58:33 GMT 2025","passed","Mon Sep 08 10:58:33 GMT 2025","","org.eclipse.tractusx.edc.tests.policy.PolicyDefinitionEndToEndTest","org.eclipse.tractusx.edc.tests.policy.PolicyDefinitionEndToEndTest","shouldAcceptValidPolicyDefinitions"
"","2047","transferFolder_targetFolderNotExists_shouldCreate(Vault)","","Mon Sep 08 10:57:37 GMT 2025","passed","Mon Sep 08 10:57:39 GMT 2025","","org.eclipse.tractusx.edc.dataplane.transfer.test.AzureToAzureTest","org.eclipse.tractusx.edc.dataplane.transfer.test.AzureToAzureTest","transferFolder_targetFolderNotExists_shouldCreate"
"","7982","Verify all existing TPs related to an agreement are terminated upon its retirement","","Mon Sep 08 10:59:04 GMT 2025","passed","Mon Sep 08 10:59:12 GMT 2025","","org.eclipse.tractusx.edc.tests.transfer.RetireAgreementTest","org.eclipse.tractusx.edc.tests.transfer.RetireAgreementTest","retireAgreement_shouldCloseTransferProcesses"
"","74","5.4.3.7 Verifier should reject an expired credential","","Mon Sep 08 10:56:58 GMT 2025","passed","Mon Sep 08 10:56:59 GMT 2025","","org.eclipse.dataspacetck.dcp.verification.presentation.verifier.PresentationFlowSection5Test","org.eclipse.dataspacetck.dcp.verification.presentation.verifier.PresentationFlowSection5Test","verifier_05_04_03_07_presentationResponse_expiredCredential"
"","22","Policy is accepted Affiliates BPNL","","Mon Sep 08 10:58:35 GMT 2025","passed","Mon Sep 08 10:58:35 GMT 2025","","org.eclipse.tractusx.edc.tests.policy.PolicyDefinitionEndToEndTest","org.eclipse.tractusx.edc.tests.policy.PolicyDefinitionEndToEndTest","shouldNotAcceptInvalidNamespacePolicyDefinitions"
"","66","5.4.2.2 Verifier should accept a presentation response message that contains more credentials than requested","","Mon Sep 08 10:56:58 GMT 2025","passed","Mon Sep 08 10:56:58 GMT 2025","","org.eclipse.dataspacetck.dcp.verification.presentation.verifier.PresentationFlowSection5Test","org.eclipse.dataspacetck.dcp.verification.presentation.verifier.PresentationFlowSection5Test","verifier_05_04_02_02_presentationResponse_tooManyCredentials"
"","0","verifyCorrectParticipantAgentId_forDsp2025(DataspaceProfileContextRegistry)","","Mon Sep 08 10:59:42 GMT 2025","passed","Mon Sep 08 10:59:42 GMT 2025","","org.eclipse.tractusx.edc.tests.transfer.IdentityExtractionTest","org.eclipse.tractusx.edc.tests.transfer.IdentityExtractionTest","verifyCorrectParticipantAgentId_forDsp2025"
"","43","Policy is accepted Confidential Information Sharing","","Mon Sep 08 10:58:34 GMT 2025","passed","Mon Sep 08 10:58:34 GMT 2025","","org.eclipse.tractusx.edc.tests.policy.PolicyDefinitionEndToEndTest","org.eclipse.tractusx.edc.tests.policy.PolicyDefinitionEndToEndTest","shouldAcceptValidPolicyDefinitions"
"","366","Provider gets 400 when empty asset selector is used","","Mon Sep 08 10:58:48 GMT 2025","passed","Mon Sep 08 10:58:48 GMT 2025","","org.eclipse.tractusx.edc.tests.validators.EmptyAssetSelectorValidatorTest","org.eclipse.tractusx.edc.tests.validators.EmptyAssetSelectorValidatorTest","shouldFail_whenContractDefinitionHasEmptyAssetSelector"
"","2062","transferMultipleFile_success(Vault)","","Mon Sep 08 10:57:33 GMT 2025","passed","Mon Sep 08 10:57:35 GMT 2025","","org.eclipse.tractusx.edc.dataplane.transfer.test.AzureToAzureTest","org.eclipse.tractusx.edc.dataplane.transfer.test.AzureToAzureTest","transferMultipleFile_success"
"","4003","transferData_success_withProxyOriginalResponse()","","Mon Sep 08 11:01:27 GMT 2025","passed","Mon Sep 08 11:01:31 GMT 2025","","org.eclipse.tractusx.edc.tests.transfer.TransferPullEndToEndTest.Dsp08to08","org.eclipse.tractusx.edc.tests.transfer.TransferPullEndToEndTest$Dsp08to08","transferData_success_withProxyOriginalResponse"
"","6784","transferData_withSuspendResume()","","Mon Sep 08 11:01:31 GMT 2025","passed","Mon Sep 08 11:01:38 GMT 2025","","org.eclipse.tractusx.edc.tests.transfer.TransferPullEndToEndTest.Dsp08to08","org.eclipse.tractusx.edc.tests.transfer.TransferPullEndToEndTest$Dsp08to08","transferData_withSuspendResume"
"","12978","shouldTerminateTransfer_whenPolicyExpires()","","Mon Sep 08 10:58:56 GMT 2025","passed","Mon Sep 08 10:59:09 GMT 2025","","org.eclipse.tractusx.edc.tests.policy.PolicyMonitorEndToEndTest","org.eclipse.tractusx.edc.tests.policy.PolicyMonitorEndToEndTest","shouldTerminateTransfer_whenPolicyExpires"
"","779","triggerDataTransfer_shouldFail_whenDataFlowIsNotPushFlowType()","","Mon Sep 08 10:58:39 GMT 2025","passed","Mon Sep 08 10:58:39 GMT 2025","","org.eclipse.tractusx.edc.tests.transfer.DataFlowApiEndToEndTest","org.eclipse.tractusx.edc.tests.transfer.DataFlowApiEndToEndTest","triggerDataTransfer_shouldFail_whenDataFlowIsNotPushFlowType"
"","2534","Consumer gets cached catalog with provider entry","","Mon Sep 08 10:58:35 GMT 2025","passed","Mon Sep 08 10:58:38 GMT 2025","","org.eclipse.tractusx.edc.tests.catalog.FederatedCatalogTest","org.eclipse.tractusx.edc.tests.catalog.FederatedCatalogTest","requestCatalog_fulfillsPolicy_shouldReturnOffer"
"","144","5.4.3.6 Verifier should reject Presentations where at least 1 credential is revoked/suspended","","Mon Sep 08 10:56:58 GMT 2025","passed","Mon Sep 08 10:56:58 GMT 2025","","org.eclipse.dataspacetck.dcp.verification.presentation.verifier.PresentationFlowSection5Test","org.eclipse.dataspacetck.dcp.verification.presentation.verifier.PresentationFlowSection5Test","verifier_05_04_03_06_presentationResponse_credentialRevoked"
"","32","5.4.2.3 Verifier should reject an empty 'presentation' array","","Mon Sep 08 10:56:58 GMT 2025","passed","Mon Sep 08 10:56:58 GMT 2025","","org.eclipse.dataspacetck.dcp.verification.presentation.verifier.PresentationFlowSection5Test","org.eclipse.dataspacetck.dcp.verification.presentation.verifier.PresentationFlowSection5Test","verifier_05_04_02_03_presentationResponse_emptyPresentations"
"","2040","transferFile_targetContainerNotExist_shouldFail(Vault)","","Mon Sep 08 10:57:39 GMT 2025","passed","Mon Sep 08 10:57:41 GMT 2025","","org.eclipse.tractusx.edc.dataplane.transfer.test.AzureToAzureTest","org.eclipse.tractusx.edc.dataplane.transfer.test.AzureToAzureTest","transferFile_targetContainerNotExist_shouldFail"
"","25","Policy is accepted Data Usage End Date","","Mon Sep 08 10:58:35 GMT 2025","passed","Mon Sep 08 10:58:35 GMT 2025","","org.eclipse.tractusx.edc.tests.policy.PolicyDefinitionEndToEndTest","org.eclipse.tractusx.edc.tests.policy.PolicyDefinitionEndToEndTest","shouldNotAcceptInvalidNamespacePolicyDefinitions"
"","41","Policy is not accepted Usage policy prohibition with not allowed constraints","","Mon Sep 08 10:58:34 GMT 2025","passed","Mon Sep 08 10:58:34 GMT 2025","","org.eclipse.tractusx.edc.tests.policy.PolicyDefinitionEndToEndTest","org.eclipse.tractusx.edc.tests.policy.PolicyDefinitionEndToEndTest","shouldNotAcceptInvalidPolicyDefinitions"
"","3225","Run TCK Presentation Flow tests","","Mon Sep 08 10:56:56 GMT 2025","passed","Mon Sep 08 10:56:59 GMT 2025","","org.eclipse.tractusx.edc.tests.tck.dcp.DcpPresentationFlowTest","org.eclipse.tractusx.edc.tests.tck.dcp.DcpPresentationFlowTest","runPresentationFlowTests"
"","3607","Contract policy is fulfilled MembershipCredential","","Mon Sep 08 11:00:09 GMT 2025","passed","Mon Sep 08 11:00:12 GMT 2025","","org.eclipse.tractusx.edc.tests.transfer.StsConsumerPullTest","org.eclipse.tractusx.edc.tests.transfer.StsConsumerPullTest","transferData_whenContractPolicyFulfilled"
"","200","Multiple ContractDefinitions exist for one Asset","","Mon Sep 08 10:58:13 GMT 2025","passed","Mon Sep 08 10:58:13 GMT 2025","","org.eclipse.tractusx.edc.tests.catalog.CatalogTest","org.eclipse.tractusx.edc.tests.catalog.CatalogTest","requestCatalog_multipleOffersForAsset"
"","37","4.3.3 Verify invalid access token - incorrect aud","","Mon Sep 08 10:56:58 GMT 2025","passed","Mon Sep 08 10:56:58 GMT 2025","","org.eclipse.dataspacetck.dcp.verification.presentation.verifier.PresentationFlowSection4Test","org.eclipse.dataspacetck.dcp.verification.presentation.verifier.PresentationFlowSection4Test","verifier_04_03_03_idTokenIncorrectAud"
"","1262","The authentication token misses required claims: audience","","Mon Sep 08 10:57:43 GMT 2025","passed","Mon Sep 08 10:57:44 GMT 2025","","org.eclipse.tractusx.edc.dataplane.tokenrefresh.e2e.DataPlaneTokenRefreshEndToEndTest","org.eclipse.tractusx.edc.dataplane.tokenrefresh.e2e.DataPlaneTokenRefreshEndToEndTest","refresh_invalidAuthenticationToken_missingAudience"
"","77","BusinessPartnerUpdated event is published","","Mon Sep 08 10:57:24 GMT 2025","passed","Mon Sep 08 10:57:24 GMT 2025","","org.eclipse.tractusx.edc.tests.bpn.events.BusinessPartnerEventTest","org.eclipse.tractusx.edc.tests.bpn.events.BusinessPartnerEventTest","shouldPublishBusinessPartnerUpdatedEvent"
"","29","Policy is not accepted Policy with unknown actions types","","Mon Sep 08 10:58:34 GMT 2025","passed","Mon Sep 08 10:58:34 GMT 2025","","org.eclipse.tractusx.edc.tests.policy.PolicyDefinitionEndToEndTest","org.eclipse.tractusx.edc.tests.policy.PolicyDefinitionEndToEndTest","shouldNotAcceptInvalidPolicyDefinitions"
"","284","Consumer gets catalog from the provider. No constraints.","","Mon Sep 08 10:57:33 GMT 2025","passed","Mon Sep 08 10:57:34 GMT 2025","","org.eclipse.tractusx.edc.tests.catalog.CatalogTest","org.eclipse.tractusx.edc.tests.catalog.CatalogTest","requestCatalog_fulfillsPolicy_shouldReturnOffer"
"","82","5.4.2.4 Verifier should reject an a presentation where a requested credential is missing","","Mon Sep 08 10:56:58 GMT 2025","passed","Mon Sep 08 10:56:58 GMT 2025","","org.eclipse.dataspacetck.dcp.verification.presentation.verifier.PresentationFlowSection5Test","org.eclipse.dataspacetck.dcp.verification.presentation.verifier.PresentationFlowSection5Test","verifier_05_04_02_04_presentationResponse_emptyCredentials"
"","587","Verify HTTP 200 response and body when refreshing succeeds","","Mon Sep 08 10:57:18 GMT 2025","passed","Mon Sep 08 10:57:19 GMT 2025","","org.eclipse.tractusx.edc.tests.edrv2.EdrCacheApiEndToEndTest","org.eclipse.tractusx.edc.tests.edrv2.EdrCacheApiEndToEndTest","getEdrWithRefresh_success"
"","1266","Refresh token is null or empty (missing) [2] ","","Mon Sep 08 10:57:38 GMT 2025","passed","Mon Sep 08 10:57:39 GMT 2025","","org.eclipse.tractusx.edc.dataplane.tokenrefresh.e2e.DataPlaneTokenRefreshEndToEndTest","org.eclipse.tractusx.edc.dataplane.tokenrefresh.e2e.DataPlaneTokenRefreshEndToEndTest","refresh_invalidRefreshToken"
"","337","Expect the Catalog request to fail if a credential is revoked","","Mon Sep 08 10:59:23 GMT 2025","passed","Mon Sep 08 10:59:23 GMT 2025","","org.eclipse.tractusx.edc.tests.transfer.DimConsumerPullTest","org.eclipse.tractusx.edc.tests.transfer.DimConsumerPullTest","catalogRequest_whenCredentialRevoked"
"","8022","transferData_withExpiredEdr_shouldReturn4xx()","","Mon Sep 08 11:03:20 GMT 2025","passed","Mon Sep 08 11:03:29 GMT 2025","","org.eclipse.tractusx.edc.tests.transfer.TransferWithTokenRefreshTest","org.eclipse.tractusx.edc.tests.transfer.TransferWithTokenRefreshTest","transferData_withExpiredEdr_shouldReturn4xx"
"","3997","transferData_privateBackend_withConsumerDataPlane()","","Mon Sep 08 10:59:38 GMT 2025","passed","Mon Sep 08 10:59:42 GMT 2025","","org.eclipse.tractusx.edc.tests.transfer.TransferPullEndToEndTest.Dsp2025to2025","org.eclipse.tractusx.edc.tests.transfer.TransferPullEndToEndTest$Dsp2025to2025","transferData_privateBackend_withConsumerDataPlane"
"","41","Policy is accepted Contract reference","","Mon Sep 08 10:58:34 GMT 2025","passed","Mon Sep 08 10:58:34 GMT 2025","","org.eclipse.tractusx.edc.tests.policy.PolicyDefinitionEndToEndTest","org.eclipse.tractusx.edc.tests.policy.PolicyDefinitionEndToEndTest","shouldAcceptValidPolicyDefinitions"
"","533","retireAgreement_shouldFail_whenAgreementDoesNotExist()","","Mon Sep 08 10:59:04 GMT 2025","passed","Mon Sep 08 10:59:04 GMT 2025","","org.eclipse.tractusx.edc.tests.transfer.RetireAgreementTest","org.eclipse.tractusx.edc.tests.transfer.RetireAgreementTest","retireAgreement_shouldFail_whenAgreementDoesNotExist"
"","45","Policy is accepted ContractTermination","","Mon Sep 08 10:58:34 GMT 2025","passed","Mon Sep 08 10:58:34 GMT 2025","","org.eclipse.tractusx.edc.tests.policy.PolicyDefinitionEndToEndTest","org.eclipse.tractusx.edc.tests.policy.PolicyDefinitionEndToEndTest","shouldAcceptValidPolicyDefinitions"
"","3952","transferData_failing_withProxyOriginalResponse()","","Mon Sep 08 10:59:51 GMT 2025","passed","Mon Sep 08 10:59:54 GMT 2025","","org.eclipse.tractusx.edc.tests.transfer.TransferPullEndToEndTest.Dsp2025to2025","org.eclipse.tractusx.edc.tests.transfer.TransferPullEndToEndTest$Dsp2025to2025","transferData_failing_withProxyOriginalResponse"
"","12068","shouldTransferOneGbFile()","","Mon Sep 08 10:58:13 GMT 2025","passed","Mon Sep 08 10:58:25 GMT 2025","","org.eclipse.tractusx.edc.dataplane.transfer.test.S3ToS3Test","org.eclipse.tractusx.edc.dataplane.transfer.test.S3ToS3Test","shouldTransferOneGbFile"
"","2042","transferFile_azureToS3(Vault)","","Mon Sep 08 10:57:58 GMT 2025","passed","Mon Sep 08 10:58:00 GMT 2025","","org.eclipse.tractusx.edc.dataplane.transfer.test.MultiCloudTest","org.eclipse.tractusx.edc.dataplane.transfer.test.MultiCloudTest","transferFile_azureToS3"
"","152","Verify the refresh endpoint is not called when token not yet expired","","Mon Sep 08 10:57:12 GMT 2025","passed","Mon Sep 08 10:57:12 GMT 2025","","org.eclipse.tractusx.edc.tests.edrv2.EdrCacheApiEndToEndTest","org.eclipse.tractusx.edc.tests.edrv2.EdrCacheApiEndToEndTest","getEdrWithRefresh_notExpired_shouldNotCallEndpoint"
"","2213","Verify the refresh endpoint is not called when auto_refresh=false","","Mon Sep 08 10:57:09 GMT 2025","passed","Mon Sep 08 10:57:11 GMT 2025","","org.eclipse.tractusx.edc.tests.edrv2.EdrCacheApiEndToEndTest","org.eclipse.tractusx.edc.tests.edrv2.EdrCacheApiEndToEndTest","getEdrWithRefresh_whenNotAutorefresh_shouldNotCallEndpoint"
"","10638","httpPushNonFiniteDataTransfer()","","Mon Sep 08 11:02:08 GMT 2025","passed","Mon Sep 08 11:02:19 GMT 2025","","org.eclipse.tractusx.edc.tests.transfer.TransferPushEndToEndTest.Dsp2025to2025","org.eclipse.tractusx.edc.tests.transfer.TransferPushEndToEndTest$Dsp2025to2025","httpPushNonFiniteDataTransfer"
"","32","Provider gets 400 when no asset selector is used","","Mon Sep 08 10:58:48 GMT 2025","passed","Mon Sep 08 10:58:48 GMT 2025","","org.eclipse.tractusx.edc.tests.validators.EmptyAssetSelectorValidatorTest","org.eclipse.tractusx.edc.tests.validators.EmptyAssetSelectorValidatorTest","shouldFail_whenContractDefinitionHasNoAssetSelector"
"","26","Policy is accepted Warranty Definition","","Mon Sep 08 10:58:35 GMT 2025","passed","Mon Sep 08 10:58:35 GMT 2025","","org.eclipse.tractusx.edc.tests.policy.PolicyDefinitionEndToEndTest","org.eclipse.tractusx.edc.tests.policy.PolicyDefinitionEndToEndTest","shouldNotAcceptInvalidNamespacePolicyDefinitions"
"","47","Policy is accepted Access policy with empty permission","","Mon Sep 08 10:58:34 GMT 2025","passed","Mon Sep 08 10:58:34 GMT 2025","","org.eclipse.tractusx.edc.tests.policy.PolicyDefinitionEndToEndTest","org.eclipse.tractusx.edc.tests.policy.PolicyDefinitionEndToEndTest","shouldAcceptValidPolicyDefinitions"
"","4014","transferData_successful_notReturnOriginalSourceResponseCode_withTerminate()","","Mon Sep 08 11:00:23 GMT 2025","passed","Mon Sep 08 11:00:27 GMT 2025","","org.eclipse.tractusx.edc.tests.transfer.TransferPullEndToEndTest.Dsp2025to2025","org.eclipse.tractusx.edc.tests.transfer.TransferPullEndToEndTest$Dsp2025to2025","transferData_successful_notReturnOriginalSourceResponseCode_withTerminate"
"","57","Policy is accepted Affiliates Region (IS_ANY_OF, one element)","","Mon Sep 08 10:58:33 GMT 2025","passed","Mon Sep 08 10:58:33 GMT 2025","","org.eclipse.tractusx.edc.tests.policy.PolicyDefinitionEndToEndTest","org.eclipse.tractusx.edc.tests.policy.PolicyDefinitionEndToEndTest","shouldAcceptValidPolicyDefinitions"
"","32","Policy is accepted Business Partner Group","","Mon Sep 08 10:58:35 GMT 2025","passed","Mon Sep 08 10:58:35 GMT 2025","","org.eclipse.tractusx.edc.tests.policy.PolicyDefinitionEndToEndTest","org.eclipse.tractusx.edc.tests.policy.PolicyDefinitionEndToEndTest","shouldNotAcceptInvalidNamespacePolicyDefinitions"
"","164","refreshEdr_whenNotAuthorized()","","Mon Sep 08 10:57:19 GMT 2025","passed","Mon Sep 08 10:57:19 GMT 2025","","org.eclipse.tractusx.edc.tests.edrv2.EdrCacheApiEndToEndTest","org.eclipse.tractusx.edc.tests.edrv2.EdrCacheApiEndToEndTest","refreshEdr_whenNotAuthorized"
"","6826","httpPushDataTransfer()","","Mon Sep 08 11:02:01 GMT 2025","passed","Mon Sep 08 11:02:08 GMT 2025","","org.eclipse.tractusx.edc.tests.transfer.TransferPushEndToEndTest.Dsp2025to2025","org.eclipse.tractusx.edc.tests.transfer.TransferPushEndToEndTest$Dsp2025to2025","httpPushDataTransfer"
"","39","Policy is accepted Business Partner Group","","Mon Sep 08 10:58:34 GMT 2025","passed","Mon Sep 08 10:58:34 GMT 2025","","org.eclipse.tractusx.edc.tests.policy.PolicyDefinitionEndToEndTest","org.eclipse.tractusx.edc.tests.policy.PolicyDefinitionEndToEndTest","shouldAcceptValidPolicyDefinitions"
"","1261","The authentication token has a invalid id","","Mon Sep 08 10:57:39 GMT 2025","passed","Mon Sep 08 10:57:40 GMT 2025","","org.eclipse.tractusx.edc.dataplane.tokenrefresh.e2e.DataPlaneTokenRefreshEndToEndTest","org.eclipse.tractusx.edc.dataplane.tokenrefresh.e2e.DataPlaneTokenRefreshEndToEndTest","refresh_invalidTokenId"
"","167","Verify HTTP 403 response when refreshing the token is not allowed","","Mon Sep 08 10:57:12 GMT 2025","passed","Mon Sep 08 10:57:12 GMT 2025","","org.eclipse.tractusx.edc.tests.edrv2.EdrCacheApiEndToEndTest","org.eclipse.tractusx.edc.tests.edrv2.EdrCacheApiEndToEndTest","getEdrWithRefresh_unauthorized"
"","3085","Contract policy is fulfilled MembershipCredential","","Mon Sep 08 10:59:23 GMT 2025","passed","Mon Sep 08 10:59:26 GMT 2025","","org.eclipse.tractusx.edc.tests.transfer.DimConsumerPullTest","org.eclipse.tractusx.edc.tests.transfer.DimConsumerPullTest","transferData_whenContractPolicyFulfilled"
"","17331","Malicious actor should not impersonate a consumer sending a valid consumer VP","","Mon Sep 08 10:58:11 GMT 2025","passed","Mon Sep 08 10:58:29 GMT 2025","","org.eclipse.tractusx.edc.tests.transfer.CredentialSpoofTest","org.eclipse.tractusx.edc.tests.transfer.CredentialSpoofTest","shouldNotImpersonateConsumer_withConsumerPresentation"
"","154","Expect the Catalog request to fail if a credential is expired","","Mon Sep 08 11:00:09 GMT 2025","passed","Mon Sep 08 11:00:09 GMT 2025","","org.eclipse.tractusx.edc.tests.transfer.StsConsumerPullTest","org.eclipse.tractusx.edc.tests.transfer.StsConsumerPullTest","catalogRequest_whenCredentialExpired"
"","1244","The sign key of the authentication token is different from the public key from the DID","","Mon Sep 08 10:57:42 GMT 2025","passed","Mon Sep 08 10:57:43 GMT 2025","","org.eclipse.tractusx.edc.dataplane.tokenrefresh.e2e.DataPlaneTokenRefreshEndToEndTest","org.eclipse.tractusx.edc.dataplane.tokenrefresh.e2e.DataPlaneTokenRefreshEndToEndTest","refresh_spoofedAuthToken"
"","49","Policy is accepted Jurisdiction Location Reference","","Mon Sep 08 10:58:33 GMT 2025","passed","Mon Sep 08 10:58:33 GMT 2025","","org.eclipse.tractusx.edc.tests.policy.PolicyDefinitionEndToEndTest","org.eclipse.tractusx.edc.tests.policy.PolicyDefinitionEndToEndTest","shouldAcceptValidPolicyDefinitions"
"","2908","Contract policy is fulfilled DataExchangeGovernance use case","","Mon Sep 08 11:00:12 GMT 2025","passed","Mon Sep 08 11:00:15 GMT 2025","","org.eclipse.tractusx.edc.tests.transfer.StsConsumerPullTest","org.eclipse.tractusx.edc.tests.transfer.StsConsumerPullTest","transferData_whenContractPolicyFulfilled"
"","2603","Verify that the consumer receives only the offers he is permitted to (using the legacy CX policy)","","Mon Sep 08 10:57:30 GMT 2025","passed","Mon Sep 08 10:57:33 GMT 2025","","org.eclipse.tractusx.edc.tests.catalog.CatalogTest","org.eclipse.tractusx.edc.tests.catalog.CatalogTest","requestCatalog_filteredByBpn_UsingLegacyCxPolicy_shouldReject"
"","47","Policy is accepted Data Usage End Duration Days","","Mon Sep 08 10:58:33 GMT 2025","passed","Mon Sep 08 10:58:33 GMT 2025","","org.eclipse.tractusx.edc.tests.policy.PolicyDefinitionEndToEndTest","org.eclipse.tractusx.edc.tests.policy.PolicyDefinitionEndToEndTest","shouldAcceptValidPolicyDefinitions"
"","15200","transferData_withTerminate()","","Mon Sep 08 11:01:07 GMT 2025","passed","Mon Sep 08 11:01:23 GMT 2025","","org.eclipse.tractusx.edc.tests.transfer.TransferPullEndToEndTest.Dsp08to08","org.eclipse.tractusx.edc.tests.transfer.TransferPullEndToEndTest$Dsp08to08","transferData_withTerminate"
"","1826","shouldDelegateAuth()","","Mon Sep 08 10:58:33 GMT 2025","passed","Mon Sep 08 10:58:35 GMT 2025","","org.eclipse.tractusx.edc.tests.auth.DelegatedAuthEndToEndTest","org.eclipse.tractusx.edc.tests.auth.DelegatedAuthEndToEndTest","shouldDelegateAuth"
"","44","Policy is accepted Usage Purpose","","Mon Sep 08 10:58:33 GMT 2025","passed","Mon Sep 08 10:58:33 GMT 2025","","org.eclipse.tractusx.edc.tests.policy.PolicyDefinitionEndToEndTest","org.eclipse.tractusx.edc.tests.policy.PolicyDefinitionEndToEndTest","shouldAcceptValidPolicyDefinitions"
"","284","Expect the Catalog request to fail if a credential is revoked","","Mon Sep 08 11:00:08 GMT 2025","passed","Mon Sep 08 11:00:09 GMT 2025","","org.eclipse.tractusx.edc.tests.transfer.StsConsumerPullTest","org.eclipse.tractusx.edc.tests.transfer.StsConsumerPullTest","catalogRequest_whenCredentialRevoked"
"","28","Policy is accepted Jurisdiction Location Reference","","Mon Sep 08 10:58:35 GMT 2025","passed","Mon Sep 08 10:58:35 GMT 2025","","org.eclipse.tractusx.edc.tests.policy.PolicyDefinitionEndToEndTest","org.eclipse.tractusx.edc.tests.policy.PolicyDefinitionEndToEndTest","shouldNotAcceptInvalidNamespacePolicyDefinitions"
"","47","4.3.1 Verifier should reject an ID token that does not contain an access token","","Mon Sep 08 10:56:57 GMT 2025","passed","Mon Sep 08 10:56:57 GMT 2025","","org.eclipse.dataspacetck.dcp.verification.presentation.verifier.PresentationFlowSection4Test","org.eclipse.dataspacetck.dcp.verification.presentation.verifier.PresentationFlowSection4Test","verifier_04_03_01_presentationResponse_idTokenNoTokenClaim"
"","31","Policy is not accepted Access policy permission with not allowed constraints","","Mon Sep 08 10:58:34 GMT 2025","passed","Mon Sep 08 10:58:34 GMT 2025","","org.eclipse.tractusx.edc.tests.policy.PolicyDefinitionEndToEndTest","org.eclipse.tractusx.edc.tests.policy.PolicyDefinitionEndToEndTest","shouldNotAcceptInvalidPolicyDefinitions"
"","8701","transferFile_withBucketCreation_success()","","Mon Sep 08 11:00:01 GMT 2025","passed","Mon Sep 08 11:00:10 GMT 2025","","org.eclipse.tractusx.edc.tests.transfer.S3ToS3EndToEndTest","org.eclipse.tractusx.edc.tests.transfer.S3ToS3EndToEndTest","transferFile_withBucketCreation_success"
"","29","Policy is accepted Liability","","Mon Sep 08 10:58:35 GMT 2025","passed","Mon Sep 08 10:58:35 GMT 2025","","org.eclipse.tractusx.edc.tests.policy.PolicyDefinitionEndToEndTest","org.eclipse.tractusx.edc.tests.policy.PolicyDefinitionEndToEndTest","shouldNotAcceptInvalidNamespacePolicyDefinitions"
"","111","X.X Verifier should reject Presentations where at least 1 credential schema is violated","","Mon Sep 08 10:56:58 GMT 2025","passed","Mon Sep 08 10:56:58 GMT 2025","","org.eclipse.dataspacetck.dcp.verification.presentation.verifier.PresentationFlowSection5Test","org.eclipse.dataspacetck.dcp.verification.presentation.verifier.PresentationFlowSection5Test","verifier_x_x_presentationResponse_invalidCredentialSchema"
"","6029","transferData_withSuspendResume()","","Mon Sep 08 11:00:17 GMT 2025","passed","Mon Sep 08 11:00:23 GMT 2025","","org.eclipse.tractusx.edc.tests.transfer.TransferPullEndToEndTest.Dsp2025to2025","org.eclipse.tractusx.edc.tests.transfer.TransferPullEndToEndTest$Dsp2025to2025","transferData_withSuspendResume"
"","30","Policy is accepted Data Usage End Duration Days","","Mon Sep 08 10:58:35 GMT 2025","passed","Mon Sep 08 10:58:35 GMT 2025","","org.eclipse.tractusx.edc.tests.policy.PolicyDefinitionEndToEndTest","org.eclipse.tractusx.edc.tests.policy.PolicyDefinitionEndToEndTest","shouldNotAcceptInvalidNamespacePolicyDefinitions"
"","47","Policy is accepted Warranty","","Mon Sep 08 10:58:33 GMT 2025","passed","Mon Sep 08 10:58:34 GMT 2025","","org.eclipse.tractusx.edc.tests.policy.PolicyDefinitionEndToEndTest","org.eclipse.tractusx.edc.tests.policy.PolicyDefinitionEndToEndTest","shouldAcceptValidPolicyDefinitions"
"","2083","transferFile_s3ToAzureMultipleFiles_whenConsumerDefinesBloblName_success(Vault)","","Mon Sep 08 10:57:54 GMT 2025","passed","Mon Sep 08 10:57:56 GMT 2025","","org.eclipse.tractusx.edc.dataplane.transfer.test.MultiCloudTest","org.eclipse.tractusx.edc.dataplane.transfer.test.MultiCloudTest","transferFile_s3ToAzureMultipleFiles_whenConsumerDefinesBloblName_success"
"","28","Policy is accepted Usage Purpose","","Mon Sep 08 10:58:35 GMT 2025","passed","Mon Sep 08 10:58:35 GMT 2025","","org.eclipse.tractusx.edc.tests.policy.PolicyDefinitionEndToEndTest","org.eclipse.tractusx.edc.tests.policy.PolicyDefinitionEndToEndTest","shouldNotAcceptInvalidNamespacePolicyDefinitions"
"","4511","transferData_privateBackend()","","Mon Sep 08 11:00:47 GMT 2025","passed","Mon Sep 08 11:00:51 GMT 2025","","org.eclipse.tractusx.edc.tests.transfer.TransferPullEndToEndTest.Dsp08to08","org.eclipse.tractusx.edc.tests.transfer.TransferPullEndToEndTest$Dsp08to08","transferData_privateBackend"
"","49","Policy is accepted Data Usage End Date Definition","","Mon Sep 08 10:58:35 GMT 2025","passed","Mon Sep 08 10:58:35 GMT 2025","","org.eclipse.tractusx.edc.tests.policy.PolicyDefinitionEndToEndTest","org.eclipse.tractusx.edc.tests.policy.PolicyDefinitionEndToEndTest","shouldNotAcceptInvalidNamespacePolicyDefinitions"
"","1835","Policy is accepted MembershipCredential","","Mon Sep 08 10:58:31 GMT 2025","passed","Mon Sep 08 10:58:32 GMT 2025","","org.eclipse.tractusx.edc.tests.policy.PolicyDefinitionEndToEndTest","org.eclipse.tractusx.edc.tests.policy.PolicyDefinitionEndToEndTest","shouldAcceptValidPolicyDefinitions"
"","46","4.3.3 Verify invalid access token - expired","","Mon Sep 08 10:56:57 GMT 2025","passed","Mon Sep 08 10:56:57 GMT 2025","","org.eclipse.dataspacetck.dcp.verification.presentation.verifier.PresentationFlowSection4Test","org.eclipse.dataspacetck.dcp.verification.presentation.verifier.PresentationFlowSection4Test","verifier_04_03_03_idTokenExpired"
"","18708","transferFile_largeFile(long, Vault) File size bytes: 536870912","","Mon Sep 08 10:57:00 GMT 2025","passed","Mon Sep 08 10:57:19 GMT 2025","","org.eclipse.tractusx.edc.dataplane.transfer.test.AzureToAzureTest","org.eclipse.tractusx.edc.dataplane.transfer.test.AzureToAzureTest","transferFile_largeFile"
"","5694","transferData_privateBackend()","","Mon Sep 08 10:59:14 GMT 2025","passed","Mon Sep 08 10:59:20 GMT 2025","","org.eclipse.tractusx.edc.tests.transfer.DimConsumerPullTest","org.eclipse.tractusx.edc.tests.transfer.DimConsumerPullTest","transferData_privateBackend"
"","2700","transferFile_azureToS3MultipleFiles(Vault)","","Mon Sep 08 10:57:51 GMT 2025","passed","Mon Sep 08 10:57:54 GMT 2025","","org.eclipse.tractusx.edc.dataplane.transfer.test.MultiCloudTest","org.eclipse.tractusx.edc.dataplane.transfer.test.MultiCloudTest","transferFile_azureToS3MultipleFiles"
"","2048","transferFile_success(Vault)","","Mon Sep 08 10:57:35 GMT 2025","passed","Mon Sep 08 10:57:37 GMT 2025","","org.eclipse.tractusx.edc.dataplane.transfer.test.AzureToAzureTest","org.eclipse.tractusx.edc.dataplane.transfer.test.AzureToAzureTest","transferFile_success"
"","27","Policy is not accepted Usage policy obligation with not allowed constraints","","Mon Sep 08 10:58:34 GMT 2025","passed","Mon Sep 08 10:58:34 GMT 2025","","org.eclipse.tractusx.edc.tests.policy.PolicyDefinitionEndToEndTest","org.eclipse.tractusx.edc.tests.policy.PolicyDefinitionEndToEndTest","shouldNotAcceptInvalidPolicyDefinitions"
"","226","Verify that the consumer receives only the offers he is permitted to (using the new BPN validation)","","Mon Sep 08 10:58:13 GMT 2025","passed","Mon Sep 08 10:58:13 GMT 2025","","org.eclipse.tractusx.edc.tests.catalog.CatalogTest","org.eclipse.tractusx.edc.tests.catalog.CatalogTest","requestCatalog_filteredByBpn_shouldReject"
"","26","Policy is accepted Managed Legal Entity Region","","Mon Sep 08 10:58:35 GMT 2025","passed","Mon Sep 08 10:58:35 GMT 2025","","org.eclipse.tractusx.edc.tests.policy.PolicyDefinitionEndToEndTest","org.eclipse.tractusx.edc.tests.policy.PolicyDefinitionEndToEndTest","shouldNotAcceptInvalidNamespacePolicyDefinitions"
"","29","Policy is not accepted Policy with mutually exclusive constraints","","Mon Sep 08 10:58:34 GMT 2025","passed","Mon Sep 08 10:58:34 GMT 2025","","org.eclipse.tractusx.edc.tests.policy.PolicyDefinitionEndToEndTest","org.eclipse.tractusx.edc.tests.policy.PolicyDefinitionEndToEndTest","shouldNotAcceptInvalidPolicyDefinitions"
"","471","refreshEdr()","","Mon Sep 08 10:57:11 GMT 2025","passed","Mon Sep 08 10:57:12 GMT 2025","","org.eclipse.tractusx.edc.tests.edrv2.EdrCacheApiEndToEndTest","org.eclipse.tractusx.edc.tests.edrv2.EdrCacheApiEndToEndTest","refreshEdr"
"","7099","transferFile_success()","","Mon Sep 08 11:00:10 GMT 2025","passed","Mon Sep 08 11:00:17 GMT 2025","","org.eclipse.tractusx.edc.tests.transfer.S3ToS3EndToEndTest","org.eclipse.tractusx.edc.tests.transfer.S3ToS3EndToEndTest","transferFile_success"
"","86","Policy is accepted Managed Legal Entity Region","","Mon Sep 08 10:58:33 GMT 2025","passed","Mon Sep 08 10:58:33 GMT 2025","","org.eclipse.tractusx.edc.tests.policy.PolicyDefinitionEndToEndTest","org.eclipse.tractusx.edc.tests.policy.PolicyDefinitionEndToEndTest","shouldAcceptValidPolicyDefinitions"
"","30","Policy is accepted Jurisdiction Location","","Mon Sep 08 10:58:35 GMT 2025","passed","Mon Sep 08 10:58:35 GMT 2025","","org.eclipse.tractusx.edc.tests.policy.PolicyDefinitionEndToEndTest","org.eclipse.tractusx.edc.tests.policy.PolicyDefinitionEndToEndTest","shouldNotAcceptInvalidNamespacePolicyDefinitions"
"","25","Policy is accepted Confidential Information Sharing","","Mon Sep 08 10:58:35 GMT 2025","passed","Mon Sep 08 10:58:35 GMT 2025","","org.eclipse.tractusx.edc.tests.policy.PolicyDefinitionEndToEndTest","org.eclipse.tractusx.edc.tests.policy.PolicyDefinitionEndToEndTest","shouldNotAcceptInvalidNamespacePolicyDefinitions"
"","57","Policy is accepted Liability","","Mon Sep 08 10:58:33 GMT 2025","passed","Mon Sep 08 10:58:33 GMT 2025","","org.eclipse.tractusx.edc.tests.policy.PolicyDefinitionEndToEndTest","org.eclipse.tractusx.edc.tests.policy.PolicyDefinitionEndToEndTest","shouldAcceptValidPolicyDefinitions"
"","45","5.4.2.1 Verifier should reject a presentation response message that contains a different credential than requested","","Mon Sep 08 10:56:59 GMT 2025","passed","Mon Sep 08 10:56:59 GMT 2025","","org.eclipse.dataspacetck.dcp.verification.presentation.verifier.PresentationFlowSection5Test","org.eclipse.dataspacetck.dcp.verification.presentation.verifier.PresentationFlowSection5Test","verifier_05_04_02_01_presentationResponse_tooFewCredentials"
"","23","Policy is accepted Data Frequency","","Mon Sep 08 10:58:35 GMT 2025","passed","Mon Sep 08 10:58:35 GMT 2025","","org.eclipse.tractusx.edc.tests.policy.PolicyDefinitionEndToEndTest","org.eclipse.tractusx.edc.tests.policy.PolicyDefinitionEndToEndTest","shouldNotAcceptInvalidNamespacePolicyDefinitions"
"","22","Policy is accepted Contract reference","","Mon Sep 08 10:58:35 GMT 2025","passed","Mon Sep 08 10:58:35 GMT 2025","","org.eclipse.tractusx.edc.tests.policy.PolicyDefinitionEndToEndTest","org.eclipse.tractusx.edc.tests.policy.PolicyDefinitionEndToEndTest","shouldNotAcceptInvalidNamespacePolicyDefinitions"
"","46","4.3.3 Verify invalid access token - iss and sub different","","Mon Sep 08 10:56:57 GMT 2025","passed","Mon Sep 08 10:56:57 GMT 2025","","org.eclipse.dataspacetck.dcp.verification.presentation.verifier.PresentationFlowSection4Test","org.eclipse.dataspacetck.dcp.verification.presentation.verifier.PresentationFlowSection4Test","verifier_04_03_03_idTokenInvalidSub"
"","2042","transferFile_s3ToAzureMultipleFiles(Vault)","","Mon Sep 08 10:58:00 GMT 2025","passed","Mon Sep 08 10:58:02 GMT 2025","","org.eclipse.tractusx.edc.dataplane.transfer.test.MultiCloudTest","org.eclipse.tractusx.edc.dataplane.transfer.test.MultiCloudTest","transferFile_s3ToAzureMultipleFiles"
"","8110","azureBlobPush_containerNotExist()","","Mon Sep 08 10:58:59 GMT 2025","passed","Mon Sep 08 10:59:07 GMT 2025","","org.eclipse.tractusx.edc.tests.transfer.AzureToAzureEndToEndTest","org.eclipse.tractusx.edc.tests.transfer.AzureToAzureEndToEndTest","azureBlobPush_containerNotExist"
"","30","Verifier should resolve the DID from the prover's ID token","","Mon Sep 08 10:56:58 GMT 2025","passed","Mon Sep 08 10:56:58 GMT 2025","","org.eclipse.dataspacetck.dcp.verification.presentation.verifier.PresentationFlowSection5Test","org.eclipse.dataspacetck.dcp.verification.presentation.verifier.PresentationFlowSection5Test","presentationResponse_endpointDiscovery"
"","21","Policy is accepted MembershipCredential","","Mon Sep 08 10:58:34 GMT 2025","passed","Mon Sep 08 10:58:34 GMT 2025","","org.eclipse.tractusx.edc.tests.policy.PolicyDefinitionEndToEndTest","org.eclipse.tractusx.edc.tests.policy.PolicyDefinitionEndToEndTest","shouldNotAcceptInvalidNamespacePolicyDefinitions"
"","40","5.4.3.6 Verifier should reject a credential that is not yet valid","","Mon Sep 08 10:56:58 GMT 2025","passed","Mon Sep 08 10:56:58 GMT 2025","","org.eclipse.dataspacetck.dcp.verification.presentation.verifier.PresentationFlowSection5Test","org.eclipse.dataspacetck.dcp.verification.presentation.verifier.PresentationFlowSection5Test","verifier_05_04_03_06_presentationResponse_notYetValidCredential"
"","160","refreshEdr_whenNotFound()","","Mon Sep 08 10:57:12 GMT 2025","passed","Mon Sep 08 10:57:12 GMT 2025","","org.eclipse.tractusx.edc.tests.edrv2.EdrCacheApiEndToEndTest","org.eclipse.tractusx.edc.tests.edrv2.EdrCacheApiEndToEndTest","refreshEdr_whenNotFound"
"","39","Policy is accepted Confidential Information Measures","","Mon Sep 08 10:58:34 GMT 2025","passed","Mon Sep 08 10:58:34 GMT 2025","","org.eclipse.tractusx.edc.tests.policy.PolicyDefinitionEndToEndTest","org.eclipse.tractusx.edc.tests.policy.PolicyDefinitionEndToEndTest","shouldAcceptValidPolicyDefinitions"
"","39308","Catalog with 1000 offers","","Mon Sep 08 10:57:34 GMT 2025","passed","Mon Sep 08 10:58:13 GMT 2025","","org.eclipse.tractusx.edc.tests.catalog.CatalogTest","org.eclipse.tractusx.edc.tests.catalog.CatalogTest","requestCatalog_of1000Assets_shouldContainAll"
"","3177","transferData_privateBackend_withConsumerDataPlane()","","Mon Sep 08 10:59:20 GMT 2025","passed","Mon Sep 08 10:59:23 GMT 2025","","org.eclipse.tractusx.edc.tests.transfer.DimConsumerPullTest","org.eclipse.tractusx.edc.tests.transfer.DimConsumerPullTest","transferData_privateBackend_withConsumerDataPlane"
"","1041","shouldFail_whenDestinationBucketDoesNotExist()","","Mon Sep 08 10:58:12 GMT 2025","passed","Mon Sep 08 10:58:13 GMT 2025","","org.eclipse.tractusx.edc.dataplane.transfer.test.S3ToS3Test","org.eclipse.tractusx.edc.dataplane.transfer.test.S3ToS3Test","shouldFail_whenDestinationBucketDoesNotExist"
"","45","4.3.3 Verify invalid access token - sub does not match DID document id","","Mon Sep 08 10:56:58 GMT 2025","passed","Mon Sep 08 10:56:58 GMT 2025","","org.eclipse.dataspacetck.dcp.verification.presentation.verifier.PresentationFlowSection4Test","org.eclipse.dataspacetck.dcp.verification.presentation.verifier.PresentationFlowSection4Test","verifier_04_03_03_idTokenIncorrectSub"
"","23","Policy is accepted Affiliates Region","","Mon Sep 08 10:58:34 GMT 2025","passed","Mon Sep 08 10:58:35 GMT 2025","","org.eclipse.tractusx.edc.tests.policy.PolicyDefinitionEndToEndTest","org.eclipse.tractusx.edc.tests.policy.PolicyDefinitionEndToEndTest","shouldNotAcceptInvalidNamespacePolicyDefinitions"
"","41","Policy is accepted ContractTermination","","Mon Sep 08 10:58:35 GMT 2025","passed","Mon Sep 08 10:58:35 GMT 2025","","org.eclipse.tractusx.edc.tests.policy.PolicyDefinitionEndToEndTest","org.eclipse.tractusx.edc.tests.policy.PolicyDefinitionEndToEndTest","shouldNotAcceptInvalidNamespacePolicyDefinitions"
"","85","Policy is not accepted Usage policy with empty permission","","Mon Sep 08 10:58:34 GMT 2025","passed","Mon Sep 08 10:58:34 GMT 2025","","org.eclipse.tractusx.edc.tests.policy.PolicyDefinitionEndToEndTest","org.eclipse.tractusx.edc.tests.policy.PolicyDefinitionEndToEndTest","shouldNotAcceptInvalidPolicyDefinitions"
"","7","verifyCorrectParticipantAgentId_forDsp08(DataspaceProfileContextRegistry)","","Mon Sep 08 10:59:42 GMT 2025","passed","Mon Sep 08 10:59:42 GMT 2025","","org.eclipse.tractusx.edc.tests.transfer.IdentityExtractionTest","org.eclipse.tractusx.edc.tests.transfer.IdentityExtractionTest","verifyCorrectParticipantAgentId_forDsp08"
"","149","triggerDataTransfer_shouldFail_whenDataFlowIsNotInStartedState()","","Mon Sep 08 10:58:40 GMT 2025","passed","Mon Sep 08 10:58:40 GMT 2025","","org.eclipse.tractusx.edc.tests.transfer.DataFlowApiEndToEndTest","org.eclipse.tractusx.edc.tests.transfer.DataFlowApiEndToEndTest","triggerDataTransfer_shouldFail_whenDataFlowIsNotInStartedState"
"","5463","When multiple requests to refresh, to different edrs, verify all return non expired token","","Mon Sep 08 10:57:12 GMT 2025","passed","Mon Sep 08 10:57:18 GMT 2025","","org.eclipse.tractusx.edc.tests.edrv2.EdrCacheApiEndToEndTest","org.eclipse.tractusx.edc.tests.edrv2.EdrCacheApiEndToEndTest","getEdrWithRefresh_subsequentRequestReturn"
"","4316","transferData_successful_notReturnOriginalSourceResponseCode_withTerminate()","","Mon Sep 08 11:01:38 GMT 2025","passed","Mon Sep 08 11:01:42 GMT 2025","","org.eclipse.tractusx.edc.tests.transfer.TransferPullEndToEndTest.Dsp08to08","org.eclipse.tractusx.edc.tests.transfer.TransferPullEndToEndTest$Dsp08to08","transferData_successful_notReturnOriginalSourceResponseCode_withTerminate"
"","548","Verify that the consumer receives only the offers he is permitted to (using the legacy BPN validation)","","Mon Sep 08 10:57:33 GMT 2025","passed","Mon Sep 08 10:57:33 GMT 2025","","org.eclipse.tractusx.edc.tests.catalog.CatalogTest","org.eclipse.tractusx.edc.tests.catalog.CatalogTest","requestCatalog_filteredByBpnLegacy_WithNamespace_shouldReject"
"","4139","transferData_privateBackend_withConsumerDataPlane()","","Mon Sep 08 11:00:51 GMT 2025","passed","Mon Sep 08 11:00:55 GMT 2025","","org.eclipse.tractusx.edc.tests.transfer.TransferPullEndToEndTest.Dsp08to08","org.eclipse.tractusx.edc.tests.transfer.TransferPullEndToEndTest$Dsp08to08","transferData_privateBackend_withConsumerDataPlane"
"","1314","The Authorization header is empty","","Mon Sep 08 10:57:35 GMT 2025","passed","Mon Sep 08 10:57:37 GMT 2025","","org.eclipse.tractusx.edc.dataplane.tokenrefresh.e2e.DataPlaneTokenRefreshEndToEndTest","org.eclipse.tractusx.edc.dataplane.tokenrefresh.e2e.DataPlaneTokenRefreshEndToEndTest","refresh_emptyAuthHeader"
"","48","Policy is accepted Managed Legal Entity BPNL","","Mon Sep 08 10:58:33 GMT 2025","passed","Mon Sep 08 10:58:33 GMT 2025","","org.eclipse.tractusx.edc.tests.policy.PolicyDefinitionEndToEndTest","org.eclipse.tractusx.edc.tests.policy.PolicyDefinitionEndToEndTest","shouldAcceptValidPolicyDefinitions"
"","14328","transferFile_largeFile(long, Vault) File size bytes: 1073741824","","Mon Sep 08 10:57:19 GMT 2025","passed","Mon Sep 08 10:57:33 GMT 2025","","org.eclipse.tractusx.edc.dataplane.transfer.test.AzureToAzureTest","org.eclipse.tractusx.edc.dataplane.transfer.test.AzureToAzureTest","transferFile_largeFile"
"","39","Policy is accepted Business Partner Number","","Mon Sep 08 10:58:34 GMT 2025","passed","Mon Sep 08 10:58:34 GMT 2025","","org.eclipse.tractusx.edc.tests.policy.PolicyDefinitionEndToEndTest","org.eclipse.tractusx.edc.tests.policy.PolicyDefinitionEndToEndTest","shouldAcceptValidPolicyDefinitions"
"","28","Policy is not accepted Usage policy permission with not allowed constraints","","Mon Sep 08 10:58:34 GMT 2025","passed","Mon Sep 08 10:58:34 GMT 2025","","org.eclipse.tractusx.edc.tests.policy.PolicyDefinitionEndToEndTest","org.eclipse.tractusx.edc.tests.policy.PolicyDefinitionEndToEndTest","shouldNotAcceptInvalidPolicyDefinitions"
"","49","Policy is accepted Confidential Information Measures","","Mon Sep 08 10:58:35 GMT 2025","passed","Mon Sep 08 10:58:35 GMT 2025","","org.eclipse.tractusx.edc.tests.policy.PolicyDefinitionEndToEndTest","org.eclipse.tractusx.edc.tests.policy.PolicyDefinitionEndToEndTest","shouldNotAcceptInvalidNamespacePolicyDefinitions"
"","1354","BusinessPartnerCreated event is published","","Mon Sep 08 10:57:23 GMT 2025","passed","Mon Sep 08 10:57:24 GMT 2025","","org.eclipse.tractusx.edc.tests.bpn.events.BusinessPartnerEventTest","org.eclipse.tractusx.edc.tests.bpn.events.BusinessPartnerEventTest","shouldPublishBusinessPartnerCreatedEvent"
"","5540","Verify that the callbacks are invoked when negotiating an EDR","","Mon Sep 08 10:57:39 GMT 2025","passed","Mon Sep 08 10:57:45 GMT 2025","","org.eclipse.tractusx.edc.tests.edrv2.NegotiateEdrTest","org.eclipse.tractusx.edc.tests.edrv2.NegotiateEdrTest","negotiateEdr_shouldInvokeCallbacks"
"","46","Policy is accepted Warranty Definition","","Mon Sep 08 10:58:34 GMT 2025","passed","Mon Sep 08 10:58:34 GMT 2025","","org.eclipse.tractusx.edc.tests.policy.PolicyDefinitionEndToEndTest","org.eclipse.tractusx.edc.tests.policy.PolicyDefinitionEndToEndTest","shouldAcceptValidPolicyDefinitions"
"","41","Policy is accepted Version Changes","","Mon Sep 08 10:58:35 GMT 2025","passed","Mon Sep 08 10:58:35 GMT 2025","","org.eclipse.tractusx.edc.tests.policy.PolicyDefinitionEndToEndTest","org.eclipse.tractusx.edc.tests.policy.PolicyDefinitionEndToEndTest","shouldNotAcceptInvalidNamespacePolicyDefinitions"
"","21","Verifier should reject an auth token without the Bearer prefix","","Mon Sep 08 10:56:57 GMT 2025","passed","Mon Sep 08 10:56:58 GMT 2025","","org.eclipse.dataspacetck.dcp.verification.presentation.verifier.PresentationFlowSection4Test","org.eclipse.dataspacetck.dcp.verification.presentation.verifier.PresentationFlowSection4Test","presentationResponse_rejectMissingBearerPrefix"
"","2177","transferFile_success()","","Mon Sep 08 10:58:09 GMT 2025","passed","Mon Sep 08 10:58:12 GMT 2025","","org.eclipse.tractusx.edc.dataplane.transfer.test.S3ToS3Test","org.eclipse.tractusx.edc.dataplane.transfer.test.S3ToS3Test","transferFile_success"
"","92","5.1 Verifier should accept a valid PresentationResponseMessage","","Mon Sep 08 10:56:59 GMT 2025","passed","Mon Sep 08 10:56:59 GMT 2025","","org.eclipse.dataspacetck.dcp.verification.presentation.verifier.PresentationFlowSection5Test","org.eclipse.dataspacetck.dcp.verification.presentation.verifier.PresentationFlowSection5Test","verifier_05_01_presentationResponse_success"
"","46","Policy is accepted Exclusive Usage","","Mon Sep 08 10:58:34 GMT 2025","passed","Mon Sep 08 10:58:34 GMT 2025","","org.eclipse.tractusx.edc.tests.policy.PolicyDefinitionEndToEndTest","org.eclipse.tractusx.edc.tests.policy.PolicyDefinitionEndToEndTest","shouldAcceptValidPolicyDefinitions"
"","2040","transferMultipleFiles()","","Mon Sep 08 10:58:25 GMT 2025","passed","Mon Sep 08 10:58:27 GMT 2025","","org.eclipse.tractusx.edc.dataplane.transfer.test.S3ToS3Test","org.eclipse.tractusx.edc.dataplane.transfer.test.S3ToS3Test","transferMultipleFiles"
"","43","Policy is accepted Managed Legal Entity BPNL","","Mon Sep 08 10:58:35 GMT 2025","passed","Mon Sep 08 10:58:35 GMT 2025","","org.eclipse.tractusx.edc.tests.policy.PolicyDefinitionEndToEndTest","org.eclipse.tractusx.edc.tests.policy.PolicyDefinitionEndToEndTest","shouldNotAcceptInvalidNamespacePolicyDefinitions"
"","1734","trigger_shouldReturnSuccess_whenAllValidationsSucceed()","","Mon Sep 08 10:58:37 GMT 2025","passed","Mon Sep 08 10:58:39 GMT 2025","","org.eclipse.tractusx.edc.tests.transfer.DataFlowApiEndToEndTest","org.eclipse.tractusx.edc.tests.transfer.DataFlowApiEndToEndTest","trigger_shouldReturnSuccess_whenAllValidationsSucceed"
"","25","Policy is not accepted Policy with different actions types","","Mon Sep 08 10:58:34 GMT 2025","passed","Mon Sep 08 10:58:34 GMT 2025","","org.eclipse.tractusx.edc.tests.policy.PolicyDefinitionEndToEndTest","org.eclipse.tractusx.edc.tests.policy.PolicyDefinitionEndToEndTest","shouldNotAcceptInvalidPolicyDefinitions"
"","55","Policy is accepted Data Frequency","","Mon Sep 08 10:58:33 GMT 2025","passed","Mon Sep 08 10:58:33 GMT 2025","","org.eclipse.tractusx.edc.tests.policy.PolicyDefinitionEndToEndTest","org.eclipse.tractusx.edc.tests.policy.PolicyDefinitionEndToEndTest","shouldAcceptValidPolicyDefinitions"
"","71","Provider gets 200 when asset selector has a valid criterion","","Mon Sep 08 10:58:48 GMT 2025","passed","Mon Sep 08 10:58:48 GMT 2025","","org.eclipse.tractusx.edc.tests.validators.EmptyAssetSelectorValidatorTest","org.eclipse.tractusx.edc.tests.validators.EmptyAssetSelectorValidatorTest","shouldPass_whenContractDefinitionHasCorrectAssetSelector"
"","15860","Malicious actor should not impersonate a consumer by creating a VP with the consumer membership credential","","Mon Sep 08 10:58:29 GMT 2025","passed","Mon Sep 08 10:58:44 GMT 2025","","org.eclipse.tractusx.edc.tests.transfer.CredentialSpoofTest","org.eclipse.tractusx.edc.tests.transfer.CredentialSpoofTest","shouldNotImpersonateConsumer_withWrappedConsumerCredential"
"","76","Policy is accepted DataExchangeGovernance use case","","Mon Sep 08 10:58:32 GMT 2025","passed","Mon Sep 08 10:58:32 GMT 2025","","org.eclipse.tractusx.edc.tests.policy.PolicyDefinitionEndToEndTest","org.eclipse.tractusx.edc.tests.policy.PolicyDefinitionEndToEndTest","shouldAcceptValidPolicyDefinitions"
"","4723","The authentication token misses required claims: token","","Mon Sep 08 10:57:28 GMT 2025","passed","Mon Sep 08 10:57:33 GMT 2025","","org.eclipse.tractusx.edc.dataplane.tokenrefresh.e2e.DataPlaneTokenRefreshEndToEndTest","org.eclipse.tractusx.edc.dataplane.tokenrefresh.e2e.DataPlaneTokenRefreshEndToEndTest","refresh_invalidAuthenticationToken_missingAccessToken"
"","31","Policy is accepted Business Partner Number","","Mon Sep 08 10:58:35 GMT 2025","passed","Mon Sep 08 10:58:35 GMT 2025","","org.eclipse.tractusx.edc.tests.policy.PolicyDefinitionEndToEndTest","org.eclipse.tractusx.edc.tests.policy.PolicyDefinitionEndToEndTest","shouldNotAcceptInvalidNamespacePolicyDefinitions"
"","4456","transferData_privateBackend()","","Mon Sep 08 10:59:34 GMT 2025","passed","Mon Sep 08 10:59:38 GMT 2025","","org.eclipse.tractusx.edc.tests.transfer.TransferPullEndToEndTest.Dsp2025to2025","org.eclipse.tractusx.edc.tests.transfer.TransferPullEndToEndTest$Dsp2025to2025","transferData_privateBackend"
"","3944","transferData_failing_withProxyOriginalResponse_withoutSourceResponseBody()","","Mon Sep 08 11:00:09 GMT 2025","passed","Mon Sep 08 11:00:13 GMT 2025","","org.eclipse.tractusx.edc.tests.transfer.TransferPullEndToEndTest.Dsp2025to2025","org.eclipse.tractusx.edc.tests.transfer.TransferPullEndToEndTest$Dsp2025to2025","transferData_failing_withProxyOriginalResponse_withoutSourceResponseBody"
"","33","Policy is not accepted Access Policy with prohibition rule","","Mon Sep 08 10:58:34 GMT 2025","passed","Mon Sep 08 10:58:34 GMT 2025","","org.eclipse.tractusx.edc.tests.policy.PolicyDefinitionEndToEndTest","org.eclipse.tractusx.edc.tests.policy.PolicyDefinitionEndToEndTest","shouldNotAcceptInvalidPolicyDefinitions"
"","8421","transferData_withAutomaticRefresh()","","Mon Sep 08 11:03:12 GMT 2025","passed","Mon Sep 08 11:03:20 GMT 2025","","org.eclipse.tractusx.edc.tests.transfer.TransferWithTokenRefreshTest","org.eclipse.tractusx.edc.tests.transfer.TransferWithTokenRefreshTest","transferData_withAutomaticRefresh"
"","4086","transferData_failing_withProxyOriginalResponse()","","Mon Sep 08 11:01:03 GMT 2025","passed","Mon Sep 08 11:01:07 GMT 2025","","org.eclipse.tractusx.edc.tests.transfer.TransferPullEndToEndTest.Dsp08to08","org.eclipse.tractusx.edc.tests.transfer.TransferPullEndToEndTest$Dsp08to08","transferData_failing_withProxyOriginalResponse"
"","10940","httpPushNonFiniteDataTransfer()","","Mon Sep 08 11:02:44 GMT 2025","passed","Mon Sep 08 11:02:55 GMT 2025","","org.eclipse.tractusx.edc.tests.transfer.TransferPushEndToEndTest.Dsp08to08","org.eclipse.tractusx.edc.tests.transfer.TransferPushEndToEndTest$Dsp08to08","httpPushNonFiniteDataTransfer"
"","4096","transferData_success_withProxyOriginalResponse()","","Mon Sep 08 11:00:13 GMT 2025","passed","Mon Sep 08 11:00:17 GMT 2025","","org.eclipse.tractusx.edc.tests.transfer.TransferPullEndToEndTest.Dsp2025to2025","org.eclipse.tractusx.edc.tests.transfer.TransferPullEndToEndTest$Dsp2025to2025","transferData_success_withProxyOriginalResponse"
"","3019","transferData_privateBackend_withConsumerDataPlane()","","Mon Sep 08 11:00:05 GMT 2025","passed","Mon Sep 08 11:00:08 GMT 2025","","org.eclipse.tractusx.edc.tests.transfer.StsConsumerPullTest","org.eclipse.tractusx.edc.tests.transfer.StsConsumerPullTest","transferData_privateBackend_withConsumerDataPlane"
"","4107","transferData_unsuccessful_notReturnOriginalSourceResponseCode_withTerminate()","","Mon Sep 08 10:59:46 GMT 2025","passed","Mon Sep 08 10:59:51 GMT 2025","","org.eclipse.tractusx.edc.tests.transfer.TransferPullEndToEndTest.Dsp2025to2025","org.eclipse.tractusx.edc.tests.transfer.TransferPullEndToEndTest$Dsp2025to2025","transferData_unsuccessful_notReturnOriginalSourceResponseCode_withTerminate"
"","31","Policy is accepted Affiliates Region (IS_ANY_OF, one element)","","Mon Sep 08 10:58:35 GMT 2025","passed","Mon Sep 08 10:58:35 GMT 2025","","org.eclipse.tractusx.edc.tests.policy.PolicyDefinitionEndToEndTest","org.eclipse.tractusx.edc.tests.policy.PolicyDefinitionEndToEndTest","shouldNotAcceptInvalidNamespacePolicyDefinitions"
"","1267","The refresh token does not match the stored one","","Mon Sep 08 10:57:40 GMT 2025","passed","Mon Sep 08 10:57:42 GMT 2025","","org.eclipse.tractusx.edc.dataplane.tokenrefresh.e2e.DataPlaneTokenRefreshEndToEndTest","org.eclipse.tractusx.edc.dataplane.tokenrefresh.e2e.DataPlaneTokenRefreshEndToEndTest","refresh_withWrongRefreshToken"
"","1266","Refresh token is null or empty (missing) [1] null","","Mon Sep 08 10:57:37 GMT 2025","passed","Mon Sep 08 10:57:38 GMT 2025","","org.eclipse.tractusx.edc.dataplane.tokenrefresh.e2e.DataPlaneTokenRefreshEndToEndTest","org.eclipse.tractusx.edc.dataplane.tokenrefresh.e2e.DataPlaneTokenRefreshEndToEndTest","refresh_invalidRefreshToken"
"","42","Policy is accepted Empty Policy","","Mon Sep 08 10:58:34 GMT 2025","passed","Mon Sep 08 10:58:34 GMT 2025","","org.eclipse.tractusx.edc.tests.policy.PolicyDefinitionEndToEndTest","org.eclipse.tractusx.edc.tests.policy.PolicyDefinitionEndToEndTest","shouldAcceptValidPolicyDefinitions"
"","30","Policy is accepted Warranty Duration Months","","Mon Sep 08 10:58:35 GMT 2025","passed","Mon Sep 08 10:58:35 GMT 2025","","org.eclipse.tractusx.edc.tests.policy.PolicyDefinitionEndToEndTest","org.eclipse.tractusx.edc.tests.policy.PolicyDefinitionEndToEndTest","shouldNotAcceptInvalidNamespacePolicyDefinitions"
"","3969","transferData_unsuccessful_notReturnOriginalSourceResponseCode_withTerminate()","","Mon Sep 08 11:00:59 GMT 2025","passed","Mon Sep 08 11:01:03 GMT 2025","","org.eclipse.tractusx.edc.tests.transfer.TransferPullEndToEndTest.Dsp08to08","org.eclipse.tractusx.edc.tests.transfer.TransferPullEndToEndTest$Dsp08to08","transferData_unsuccessful_notReturnOriginalSourceResponseCode_withTerminate"
"","14850","transferData_withTerminate()","","Mon Sep 08 10:59:54 GMT 2025","passed","Mon Sep 08 11:00:09 GMT 2025","","org.eclipse.tractusx.edc.tests.transfer.TransferPullEndToEndTest.Dsp2025to2025","org.eclipse.tractusx.edc.tests.transfer.TransferPullEndToEndTest$Dsp2025to2025","transferData_withTerminate"
"","59","5.4.3 Verifier should reject Presentations where the holder does not match the credentialSubject.id","","Mon Sep 08 10:56:58 GMT 2025","passed","Mon Sep 08 10:56:58 GMT 2025","","org.eclipse.dataspacetck.dcp.verification.presentation.verifier.PresentationFlowSection5Test","org.eclipse.dataspacetck.dcp.verification.presentation.verifier.PresentationFlowSection5Test","verifier_05_04_03_presentationResponse_holderNotEqualSubjectId"
"","153","triggerDataTransfer_shouldFail_whenDataFlowIsFinite()","","Mon Sep 08 10:58:39 GMT 2025","passed","Mon Sep 08 10:58:40 GMT 2025","","org.eclipse.tractusx.edc.tests.transfer.DataFlowApiEndToEndTest","org.eclipse.tractusx.edc.tests.transfer.DataFlowApiEndToEndTest","triggerDataTransfer_shouldFail_whenDataFlowIsFinite"
"","3991","transferData_success_withProxyOriginalResponse_withoutSourceResponseBody()","","Mon Sep 08 11:00:55 GMT 2025","passed","Mon Sep 08 11:00:59 GMT 2025","","org.eclipse.tractusx.edc.tests.transfer.TransferPullEndToEndTest.Dsp08to08","org.eclipse.tractusx.edc.tests.transfer.TransferPullEndToEndTest$Dsp08to08","transferData_success_withProxyOriginalResponse_withoutSourceResponseBody"
"","52","Policy is accepted Data Usage End Date","","Mon Sep 08 10:58:33 GMT 2025","passed","Mon Sep 08 10:58:33 GMT 2025","","org.eclipse.tractusx.edc.tests.policy.PolicyDefinitionEndToEndTest","org.eclipse.tractusx.edc.tests.policy.PolicyDefinitionEndToEndTest","shouldAcceptValidPolicyDefinitions"
"","55","Policy is accepted Affiliates BPNL","","Mon Sep 08 10:58:33 GMT 2025","passed","Mon Sep 08 10:58:33 GMT 2025","","org.eclipse.tractusx.edc.tests.policy.PolicyDefinitionEndToEndTest","org.eclipse.tractusx.edc.tests.policy.PolicyDefinitionEndToEndTest","shouldAcceptValidPolicyDefinitions"
"","22","Policy is accepted DataExchangeGovernance use case","","Mon Sep 08 10:58:34 GMT 2025","passed","Mon Sep 08 10:58:34 GMT 2025","","org.eclipse.tractusx.edc.tests.policy.PolicyDefinitionEndToEndTest","org.eclipse.tractusx.edc.tests.policy.PolicyDefinitionEndToEndTest","shouldNotAcceptInvalidNamespacePolicyDefinitions"
"","91","BusinessPartnerDeleted event is published","","Mon Sep 08 10:57:24 GMT 2025","passed","Mon Sep 08 10:57:24 GMT 2025","","org.eclipse.tractusx.edc.tests.bpn.events.BusinessPartnerEventTest","org.eclipse.tractusx.edc.tests.bpn.events.BusinessPartnerEventTest","shouldPublishBusinessPartnerDeletedEvent"
"","60","Policy is accepted Affiliates Region","","Mon Sep 08 10:58:32 GMT 2025","passed","Mon Sep 08 10:58:33 GMT 2025","","org.eclipse.tractusx.edc.tests.policy.PolicyDefinitionEndToEndTest","org.eclipse.tractusx.edc.tests.policy.PolicyDefinitionEndToEndTest","shouldAcceptValidPolicyDefinitions"
"","38","Policy is accepted Precedence","","Mon Sep 08 10:58:35 GMT 2025","passed","Mon Sep 08 10:58:35 GMT 2025","","org.eclipse.tractusx.edc.tests.policy.PolicyDefinitionEndToEndTest","org.eclipse.tractusx.edc.tests.policy.PolicyDefinitionEndToEndTest","shouldNotAcceptInvalidNamespacePolicyDefinitions"
"","769","4.3.3 Verify invalid access token - nbf in future","","Mon Sep 08 10:56:57 GMT 2025","passed","Mon Sep 08 10:56:57 GMT 2025","","org.eclipse.dataspacetck.dcp.verification.presentation.verifier.PresentationFlowSection4Test","org.eclipse.dataspacetck.dcp.verification.presentation.verifier.PresentationFlowSection4Test","verifier_04_03_03_idTokenNbfInFuture"
"","4663","transferData_failing_withProxyOriginalResponse_withoutSourceResponseBody()","","Mon Sep 08 11:01:23 GMT 2025","passed","Mon Sep 08 11:01:27 GMT 2025","","org.eclipse.tractusx.edc.tests.transfer.TransferPullEndToEndTest.Dsp08to08","org.eclipse.tractusx.edc.tests.transfer.TransferPullEndToEndTest$Dsp08to08","transferData_failing_withProxyOriginalResponse_withoutSourceResponseBody"
"","3293","Contract policy is fulfilled DataExchangeGovernance use case","","Mon Sep 08 10:59:27 GMT 2025","passed","Mon Sep 08 10:59:30 GMT 2025","","org.eclipse.tractusx.edc.tests.transfer.DimConsumerPullTest","org.eclipse.tractusx.edc.tests.transfer.DimConsumerPullTest","transferData_whenContractPolicyFulfilled"
"","49","Policy is accepted Version Changes","","Mon Sep 08 10:58:33 GMT 2025","passed","Mon Sep 08 10:58:33 GMT 2025","","org.eclipse.tractusx.edc.tests.policy.PolicyDefinitionEndToEndTest","org.eclipse.tractusx.edc.tests.policy.PolicyDefinitionEndToEndTest","shouldAcceptValidPolicyDefinitions"
"","45","Policy is accepted In force date policy","","Mon Sep 08 10:58:34 GMT 2025","passed","Mon Sep 08 10:58:34 GMT 2025","","org.eclipse.tractusx.edc.tests.policy.PolicyDefinitionEndToEndTest","org.eclipse.tractusx.edc.tests.policy.PolicyDefinitionEndToEndTest","shouldAcceptValidPolicyDefinitions"
"","24","Policy is accepted Exclusive Usage","","Mon Sep 08 10:58:35 GMT 2025","passed","Mon Sep 08 10:58:35 GMT 2025","","org.eclipse.tractusx.edc.tests.policy.PolicyDefinitionEndToEndTest","org.eclipse.tractusx.edc.tests.policy.PolicyDefinitionEndToEndTest","shouldNotAcceptInvalidNamespacePolicyDefinitions"
"","4766","transferData_privateBackend()","","Mon Sep 08 11:00:01 GMT 2025","passed","Mon Sep 08 11:00:05 GMT 2025","","org.eclipse.tractusx.edc.tests.transfer.StsConsumerPullTest","org.eclipse.tractusx.edc.tests.transfer.StsConsumerPullTest","transferData_privateBackend"
"","2484","The Authorization header is missing","","Mon Sep 08 10:57:33 GMT 2025","passed","Mon Sep 08 10:57:35 GMT 2025","","org.eclipse.tractusx.edc.dataplane.tokenrefresh.e2e.DataPlaneTokenRefreshEndToEndTest","org.eclipse.tractusx.edc.dataplane.tokenrefresh.e2e.DataPlaneTokenRefreshEndToEndTest","refresh_missingAuthHeader"
"","227","Verify that the consumer receives only the offers he is permitted to (using the legacy BPN validation)","","Mon Sep 08 10:58:13 GMT 2025","passed","Mon Sep 08 10:58:14 GMT 2025","","org.eclipse.tractusx.edc.tests.catalog.CatalogTest","org.eclipse.tractusx.edc.tests.catalog.CatalogTest","requestCatalog_filteredByBpnLegacy_shouldReject"
"","6510","httpPushDataTransfer()","","Mon Sep 08 11:02:37 GMT 2025","passed","Mon Sep 08 11:02:44 GMT 2025","","org.eclipse.tractusx.edc.tests.transfer.TransferPushEndToEndTest.Dsp08to08","org.eclipse.tractusx.edc.tests.transfer.TransferPushEndToEndTest$Dsp08to08","httpPushDataTransfer"
"","139","triggerDataTransfer_shouldFail_whenDataFlowDoesNotExist()","","Mon Sep 08 10:58:40 GMT 2025","passed","Mon Sep 08 10:58:40 GMT 2025","","org.eclipse.tractusx.edc.tests.transfer.DataFlowApiEndToEndTest","org.eclipse.tractusx.edc.tests.transfer.DataFlowApiEndToEndTest","triggerDataTransfer_shouldFail_whenDataFlowDoesNotExist"
"","1","verifyAgentId_whenNoMembershipCredential_forDsp2025(DataspaceProfileContextRegistry)","","Mon Sep 08 10:59:42 GMT 2025","passed","Mon Sep 08 10:59:42 GMT 2025","","org.eclipse.tractusx.edc.tests.transfer.IdentityExtractionTest","org.eclipse.tractusx.edc.tests.transfer.IdentityExtractionTest","verifyAgentId_whenNoMembershipCredential_forDsp2025"
"","44","Policy is accepted Warranty Duration Months","","Mon Sep 08 10:58:34 GMT 2025","passed","Mon Sep 08 10:58:34 GMT 2025","","org.eclipse.tractusx.edc.tests.policy.PolicyDefinitionEndToEndTest","org.eclipse.tractusx.edc.tests.policy.PolicyDefinitionEndToEndTest","shouldAcceptValidPolicyDefinitions"
"","7115","azureBlobPush_withDestFolder()","","Mon Sep 08 10:58:52 GMT 2025","passed","Mon Sep 08 10:58:59 GMT 2025","","org.eclipse.tractusx.edc.tests.transfer.AzureToAzureEndToEndTest","org.eclipse.tractusx.edc.tests.transfer.AzureToAzureEndToEndTest","azureBlobPush_withDestFolder"
"","2","verifyAgentId_whenNoMembershipCredential_forDsp08(DataspaceProfileContextRegistry)","","Mon Sep 08 10:59:42 GMT 2025","passed","Mon Sep 08 10:59:42 GMT 2025","","org.eclipse.tractusx.edc.tests.transfer.IdentityExtractionTest","org.eclipse.tractusx.edc.tests.transfer.IdentityExtractionTest","verifyAgentId_whenNoMembershipCredential_forDsp08"
"","52","Policy is accepted Liability","","Mon Sep 08 10:58:33 GMT 2025","passed","Mon Sep 08 10:58:33 GMT 2025","","org.eclipse.tractusx.edc.tests.policy.PolicyDefinitionEndToEndTest","org.eclipse.tractusx.edc.tests.policy.PolicyDefinitionEndToEndTest","shouldAcceptValidPolicyDefinitions"
"","72","Policy is accepted Precedence","","Mon Sep 08 10:58:33 GMT 2025","passed","Mon Sep 08 10:58:33 GMT 2025","","org.eclipse.tractusx.edc.tests.policy.PolicyDefinitionEndToEndTest","org.eclipse.tractusx.edc.tests.policy.PolicyDefinitionEndToEndTest","shouldAcceptValidPolicyDefinitions"
